Ref,Val,Package,PosX,PosY,Rot,Side
"C1","10u","C_0603_1608Metric",35.000000,15.000000,-90.000000,top
"C2","470n","C_0402_1005Metric",39.520000,21.000000,180.000000,top
"C3","470n","C_0402_1005Metric",43.200612,20.675023,180.000000,top
"C5","470n","C_0402_1005Metric",53.000000,11.020000,90.000000,top
"C6","15p","C_0402_1005Metric",38.200000,8.400000,90.000000,top
"C7","470n","C_0402_1005Metric",16.500000,18.980000,90.000000,top
"C8","470n","C_0402_1005Metric",18.500000,19.000000,90.000000,top
"C9","10u","C_0603_1608Metric",17.800000,25.800000,90.000000,top
"C10","10u","C_0603_1608Metric",25.625000,25.000000,0.000000,top
"C11","470n","C_0402_1005Metric",22.600000,21.000000,-90.000000,top
"C12","470n","C_0402_1005Metric",25.000000,12.500000,180.000000,top
"C13","470n","C_0402_1005Metric",27.600000,17.600000,90.000000,top
"C14","470n","C_0402_1005Metric",46.200000,6.400000,90.000000,top
"C18","15p","C_0402_1005Metric",32.600000,7.600000,90.000000,top
"D1","USBLC6-2SC6","SOT-23-6",17.500000,15.250000,0.000000,top
"FID1","Fiducial","Fiducial_1mm_Mask2mm",9.500000,25.000000,0.000000,top
"FID2","Fiducial","Fiducial_1mm_Mask2mm",9.000000,3.400000,0.000000,top
"FID3","Fiducial","Fiducial_1mm_Mask2mm",55.500000,3.500000,0.000000,top
"J1","USB_C_Receptacle_USB2.0_16P","USB_C_Receptacle_GCT_USB4105-xx-A_16P_TopMnt_Horizontal",7.000000,14.500000,-90.000000,top
"R1","5k1","R_0201_0603Metric",55.000000,9.500000,0.000000,top
"R2","100k","R_0603_1608Metric",34.400000,12.600000,0.000000,top
"R3","5k1","R_0201_0603Metric",10.880000,8.200000,0.000000,top
"R4","5k1","R_0201_0603Metric",11.000000,21.000000,180.000000,top
"R5","5k1","R_0201_0603Metric",43.280000,8.200000,180.000000,top
"R6","5k1","R_0201_0603Metric",42.000000,8.600000,90.000000,top
"R7","0R","R_0201_0603Metric",17.500000,17.500000,0.000000,top
"R8","0R","R_0402_1005Metric",43.200000,21.800000,0.000000,top
"U1","MSPM0G3507SPTR","LQFP-48_7x7mm_P0.5mm",42.500000,15.000000,0.000000,top
"U3","SPX3819M5-L-3-3","SOT-23-5",21.362500,24.050000,0.000000,top
"U4","CH340E","MSOP-10_3x3mm_P0.5mm",25.000000,15.000000,0.000000,top
"U5","LIS2DH","LGA-14_2x2mm_P0.35mm_LayoutBorder3x4y",42.600000,6.200000,0.000000,top
"Y2","8HMZ","Crystal_SMD_3225-4Pin_3.2x2.5mm",35.400000,8.000000,90.000000,top
