"Reference","Qty","Value","DNP","Exclude from BOM","Exclude from Board","Footprint","Datasheet","Manufacturer Part Number","Distribution Link 1","Manufactuer"
"C1,C9,C10","3","10u","","","","Capacitor_SMD:C_0603_1608Metric","https://jlc-prod-smt.oss-eu-central-1.aliyuncs.com/smtDataManualFile/8579707107916242944-C19702.pdf?response-content-disposition=attachment%3B%20filename%3DC19702.pdf%3B%20filename%2A%3DUTF-8%27%27C19702.pdf&x-oss-date=20260722T195819Z&x-oss-expires=1800&x-oss-security-token=CAISgAN1q6Ft5B2yfSjIr5vWfP7n1O5Rz7qGUxfktm4MWMpfnZeYqTz2IHhMdHJsAOodtv0%2FmmhT6PkclqRLcbhpcmfjV%2BZHzLB8qewz5j9R4J7b16cNrbH4M4H6aXeirtuwDsz9SNTCALjPD3nPii50x5bjaDymRCbLGJaViJlhHLN1Ow6jdmhpCctxLAlvo9NgFxm3D%2Fu2NQPwiWf9FVdhvhEG6Vly8qOi2MaRmFy8yFTx0b0SvJ%2BjYMrmPctoN9JnSdC5mfdzau3a1TJ84gRD0a5wkaVA1zbDs5bfISEIuUzebreLqY03dV4mOvdqIcMe8qigz88fk%2FfIioH6xyxKOexoSCnFTOiiupCcQLPyao9jLu6iayqViY7QaIOTqQohZmkAMwVOasAsI3Ngh4zF97Qt0cVNkXO9gWfLI8DtuMleWpoiF9BWmtHD0eS19jklBdzSlusJRAJJUVBflCeKEaRNSAd3WGhEfM2%2BBt4QT30w5N2u00S8OSMIs8xWFKKWD5sagAFi7eY2AzaajRageUXvQw5Zn9ZOp63crAWM0sy7F5qwcFBnE9CrRxBhOGkBiMJJq61zBKLa%2Bor%2FbaCw8EInk4u6FZYALjldxVJxhh2jhS5J%2FIM1CtAm0XIRVzIcv38%2FGSQNqTE5Iu1pjAsjHjFUa9Has6gMof2BOJ2Nq0Nxn%2FMWqCAA&x-oss-signature-version=OSS4-HMAC-SHA256&x-oss-credential=STS.NXc7DS91pxxmQ1URnYTEsrR3K%2F20260722%2Feu-central-1%2Foss%2Faliyun_v4_request&x-oss-signature=e911ee82e6027576d7b0f485c3bb5faf5bf5582e5f4187e8d21b0890d578dbbe","","","Samsung Electro-Mechanics"
"C2,C3,C5,C7,C8,C11,C12,C13,C14","9","470n","","","","Capacitor_SMD:C_0402_1005Metric","https://www.lcsc.com/product-detail/C92361.html?s_z=n_q_p_Capacitor_SMD%253AC_0402_1005Metric%2520470n","","https://jlcpcb.com/partdetail/48344-CL05A474KP5NNNC/C47339","L"
"C6,C18","2","15p","","","","Capacitor_SMD:C_0402_1005Metric","https://jlc-prod-smt.oss-eu-central-1.aliyuncs.com/smtDataManualFile/8579707327051849728-C47339.pdf?response-content-disposition=attachment%3B%20filename%3DC47339.pdf%3B%20filename%2A%3DUTF-8%27%27C47339.pdf&x-oss-date=20260722T205312Z&x-oss-expires=1800&x-oss-security-token=CAISgAN1q6Ft5B2yfSjIr5rGfer6hrlI5rGGUWHwtFoHVt9FpbHg0zz2IHhMdHJsAOodtv0%2FmmhT6PkclqRLcbhpcmfjV%2BZHzLB8qdt4vD1R4J7b16cNrbH4M4H6aXeirtuwDsz9SNTCALjPD3nPii50x5bjaDymRCbLGJaViJlhHLN1Ow6jdmhpCctxLAlvo9NgFxm3D%2Fu2NQPwiWf9FVdhvhEG6Vly8qOi2MaRmFy8yFTx0b0SvJ%2BjYMrmPctoN9JnSdC5mfdzau3a1TJ84gRD0a5wkaVA1zbDs5bfISEIuUzebreLqY03dV4mOvdqIcMe8qigz88fk%2FfIioH6xyxKOexoSCnFTOiiupCcQLPyao9jLu6iayqViY7QaIOTqQohZmkAMwVOasAsI3Ngh4zF97Qt0cVNkXO9gWfLI8DtuMleWirtWsJtinSgc5lCkRRYwGs1287ugXlSQzo890KPDAEovaKCnZ2ZSfh7Y4sNknI6i%2Bfc2Se2MIkIypaHNKKWD5sagAGKlowU6RpfYt7Jt1Ka2GuV0BvQOOzKp%2FH0fIgne65NHD5NS8trSZa4MqKxRaLGgtTEX9DXBrq76wSjhw0VgC8yOqRqUyf8gGRPFsP1NqFZMDDMI0ZJ%2FbKpiQlLXGNCjp7aKP5L0k836ly%2FccQpsMl%2B18QpqpP24Y3Dno3axUNnryAA&x-oss-signature-version=OSS4-HMAC-SHA256&x-oss-credential=STS.NYs6PNkfiQsmSGAPZRZPiJtK1%2F20260722%2Feu-central-1%2Foss%2Faliyun_v4_request&x-oss-signature=51b70d0df074abb1f5b5fa7a899fc08e8918ae2a109a3391be9f3a4cc6246263","","https://jlcpcb.com/partdetail/48344-CL05A474KP5NNNC/C47339",""
"D1","1","USBLC6-2SC6","","","","Package_TO_SOT_SMD:SOT-23-6","https://www.st.com/resource/en/datasheet/usblc6-2.pdf","","",""
"FID1,FID2,FID3","3","Fiducial","","Excluded from BOM","","Fiducial:Fiducial_1mm_Mask2mm","~","","",""
"J1","1","USB_C_Receptacle_USB2.0_16P","","","","Connector_USB:USB_C_Receptacle_GCT_USB4105-xx-A_16P_TopMnt_Horizontal","https://www.usb.org/sites/default/files/documents/usb_type-c.zip","","",""
"J2","1","TC2030","","Excluded from BOM","","Connector:Tag-Connect_TC2030-IDC-FP_2x03_P1.27mm_Vertical","https://www.tag-connect.com/wp-content/uploads/bsk-pdf-manager/TC2030-CTX_1.pdf","","",""
"MH1,MH2,MH3,MH4","4","MH_P","","Excluded from BOM","","MountingHole:MountingHole_3.2mm_M3_Pad_Via","~","","",""
"R1,R3,R4,R5,R6","5","5k1","","","","Resistor_SMD:R_0201_0603Metric","https://www.lcsc.com/product-detail/C473460.html?s_z=n_q_p_Resistor_SMD%253AR_0201_0603Metric%25205K1","","",""
"R2","1","100k","","","","Resistor_SMD:R_0603_1608Metric","https://jlc-prod-smt.oss-eu-central-1.aliyuncs.com/smtDataManualFile/8589834650568069120-C2912578.pdf?response-content-disposition=attachment%3B%20filename%3DC2912578.pdf%3B%20filename%2A%3DUTF-8%27%27C2912578.pdf&x-oss-date=20260723T135928Z&x-oss-expires=1800&x-oss-security-token=CAISgAN1q6Ft5B2yfSjIr5rwGtf3i7Vy87OoZHbCnk42dvdP3bzMkjz2IHhMdHJsAOodtv0%2FmmhT6PkclqRLcbhpcmfjV%2BZHzLB8qfBIpR9R4J7b16cNrbH4M4H6aXeirtuwDsz9SNTCALjPD3nPii50x5bjaDymRCbLGJaViJlhHLN1Ow6jdmhpCctxLAlvo9NgFxm3D%2Fu2NQPwiWf9FVdhvhEG6Vly8qOi2MaRmFy8yFTx0b0SvJ%2BjYMrmPctoN9JnSdC5mfdzau3a1TJ84gRD0a5wkaVA1zbDs5bfISEIuUzebreLqY03dV4mOvdqIcMe8qigz88fk%2FfIioH6xyxKOexoSCnFTOiiupCcQLPyao9jLu6iayqViY7QaIOTqQohZmkAMwVOasAsI3Ngh4zF97Qt0cVNkXO9gWfLI8DtuMleWmpgW%2BZPinSgc5lCkRRYwGs1287ugXlSQzo890KPDAEovaKCnZ2ZSfh7Y4sNknI6i%2Bfc2Se2MIkIa8T8oaKWD5sagAFK5NtMt9ei2ZapzKy7fae91GGSxfzHdbV0iPNAETY2kjwNSYE5WyPJTKQNCmvrKd6CtZGMzlyicYUmHQL%2FCgnE7wH7L%2BN8Svr52ShXETphKc86mgO5j6L17uIMmKLph%2FtcTi9usQ0TvE6%2FEmNqx45rK3YS%2BNzCHp7SLSIkHdzhriAA&x-oss-signature-version=OSS4-HMAC-SHA256&x-oss-credential=STS.NYEQmCfjSDqCfPszNczxc2ygp%2F20260723%2Feu-central-1%2Foss%2Faliyun_v4_request&x-oss-signature=7b86ab23434e75a39630a037dc9526f70359185afbb14c798d302aa3e1113acd","","",""
"R7","1","0R","","","","Resistor_SMD:R_0201_0603Metric","https://www.lcsc.com/datasheet/C106228.pdf","","https://www.lcsc.com/product-detail/C106228.html?s_z=n_q_p_Resistor_SMD%253AR_0201_0603Metric%25200R",""
"R8","1","0R","","","","Resistor_SMD:R_0402_1005Metric","https://www.lcsc.com/datasheet/C106231.pdf","","https://www.lcsc.com/product-detail/C106231.html?s_z=n_q_p_Resistor_SMD%253AR_0402_1005Metric%25200R",""
"U1","1","MSPM0G3507SPTR","","","","Package_QFP:LQFP-48_7x7mm_P0.5mm","https://www.ti.com/lit/ds/symlink/mspm0g3507.pdf?ts=1784596291764&ref_url=https%253A%252F%252Fwww.ti.com%252Fproduct%252FMSPM0G3507%252Fpart-details%252FMSPM0G3507SPTR","MSPM0G3507SPTR","",""
"U3","1","SPX3819M5-L-3-3","","","","Package_TO_SOT_SMD:SOT-23-5","https://www.exar.com/content/document.ashx?id=22106&languageid=1033&type=Datasheet&partnumber=SPX3819&filename=SPX3819.pdf&part=SPX3819","","",""
"U4","1","CH340E","","","","Package_SO:MSOP-10_3x3mm_P0.5mm","https://www.mpja.com/download/35227cpdata.pdf","","",""
"U5","1","LIS2DH","","","","Package_LGA:LGA-14_2x2mm_P0.35mm_LayoutBorder3x4y","https://www.analog.com/media/en/technical-documentation/data-sheets/adxl343.pdf","","",""
"Y2","1","8HMZ","","","","Crystal:Crystal_SMD_3225-4Pin_3.2x2.5mm","https://www.lcsc.com/datasheet/C7275083.pdf","","https://www.lcsc.com/product-detail/C7275083.html?s_z=n_q_p_Crystal%253ACrystal_SMD_3225-4Pin_3.2x2.5mm%25208HMz",""
